name,display_name,base_model,family,variant,seed_index,seed_label,sort_order,component,component_label,component_order,numel,delta_l1_sum,delta_l2_norm,baseline_l2_norm,tuned_l2_norm,relative_l2,cosine_similarity,sign_flip_fraction,tail_abs_delta_z_gt_1p0_count,tail_abs_delta_z_gt_1p0_fraction,tail_abs_delta_z_gt_2p0_count,tail_abs_delta_z_gt_2p0_fraction,tail_abs_delta_z_gt_3p0_count,tail_abs_delta_z_gt_3p0_fraction,tail_abs_delta_z_gt_5p0_count,tail_abs_delta_z_gt_5p0_fraction,p999_abs_delta_z_approx,delta_energy_share
Alpha,Alpha,Alpha,Alpha,base,,,0,conv,Convolution front-end,0,570560,1018.2830389738083,4.8244650001843645,69.34958421627893,69.53234839782658,0.06956732408284308,0.9975900634897719,0.021967891194615816,150,0.00026289960740325294,8,1.4021312394840156e-05,2,3.505328098710039e-06,0,0.0,0.6031678840455761,0.2867276734701801
Alpha,Alpha,Alpha,Alpha,base,,,0,transformer_self_attn,Transformer self-attention,1,18883584,12227.982018589973,3.5747174733852694,329.42211021658665,329.29340549523704,0.010851480099605253,0.9999396122345912,0.00429505331191367,0,0.0,0,0.0,0,0.0,0,0.0,0.05259953308552891,0.1574181256345347
Alpha,Alpha,Alpha,Alpha,base,,,0,transformer_ffn,Transformer FFN,2,56623104,38132.244201660156,6.413516612641882,510.4324132881417,509.9258254021945,0.012564869404211221,0.9999184490514,0.004301883556224682,0,0.0,0,0.0,0,0.0,0,0.0,0.04669306877223481,0.5067149743278833
Alpha,Alpha,Alpha,Alpha,base,,,0,transformer_norm_deepnorm,Transformer norm/deepnorm,3,18450,15.963812589645386,0.16496592947267671,41.78867999301332,41.88023020406885,0.003947622406361089,0.999994758031609,0.002168021680216802,0,0.0,0,0.0,0,0.0,0,0.0,0.38397996581068505,0.00033524306864011116
Alpha,Alpha,Alpha,Alpha,base,,,0,upsample,Upsample,4,525312,461.5145927667618,0.7980427599363551,46.808640365494604,46.82092962139975,0.017049048075419473,0.9998535522091899,0.005781326145224172,0,0.0,0,0.0,0,0.0,0,0.0,0.06430303073669123,0.007845553973077053
Alpha,Alpha,Alpha,Alpha,base,,,0,crf,CRF head,5,2097152,2135.654541015625,1.8234170136203904,48.61623023021093,48.46926126019846,0.0375063431489028,0.9992960096380006,0.01239776611328125,0,0.0,0,0.0,0,0.0,0,0.0,0.1292268764847254,0.040958429525684854
AlphaQCH,AlphaQCH,AlphaQCH,Alpha,QCH,,,1,conv,Convolution front-end,0,570560,956.9512621164322,4.61939943205525,69.34958421627893,70.2546516724641,0.06661034070007933,0.9978941315902544,0.02139301738642737,47,8.237521031968593e-05,8,1.4021312394840156e-05,2,3.505328098710039e-06,0,0.0,0.5042872096052956,0.24418506324086373
AlphaQCH,AlphaQCH,AlphaQCH,Alpha,QCH,,,1,transformer_self_attn,Transformer self-attention,1,18883584,13072.020459830761,3.8246455083492235,329.42211021658665,329.2818535711606,0.011610166378433448,0.9999311497538679,0.004593725428393254,0,0.0,0,0.0,0,0.0,0,0.0,0.054973737509515924,0.1673903579292447
AlphaQCH,AlphaQCH,AlphaQCH,Alpha,QCH,,,1,transformer_ffn,Transformer FFN,2,56623104,40583.52520751953,6.8231794617301516,510.4324132881417,509.90470540459813,0.013367449409758425,0.9999081117133396,0.004576718365704572,0,0.0,0,0.0,0,0.0,0,0.0,0.051162361735440066,0.5327477813571679
AlphaQCH,AlphaQCH,AlphaQCH,Alpha,QCH,,,1,transformer_norm_deepnorm,Transformer norm/deepnorm,3,18450,16.142033874988556,0.16185228598416462,41.78867999301332,41.87854364688448,0.0038731131495711507,0.9999949913749505,0.002168021680216802,0,0.0,0,0.0,0,0.0,0,0.0,0.3118312705050208,0.00029976832199615723
AlphaQCH,AlphaQCH,AlphaQCH,Alpha,QCH,,,1,upsample,Upsample,4,525312,445.9544998407364,0.7749001514264687,46.808640365494604,46.80548413903548,0.016554639172935186,0.999861893027878,0.005623324805068226,0,0.0,0,0.0,0,0.0,0,0.0,0.06345777953470388,0.006871310170170283
AlphaQCH,AlphaQCH,AlphaQCH,Alpha,QCH,,,1,crf,CRF head,5,2097152,2399.781982421875,2.0588392657792527,48.61623023021093,48.45432419509248,0.04234880524528645,0.999102758336187,0.013878345489501953,0,0.0,0,0.0,0,0.0,0,0.0,0.16024709850465557,0.04850571898055721
AlphaQCL,AlphaQCL,AlphaQCL,Alpha,QCL,,,2,conv,Convolution front-end,0,570560,886.0491902828217,4.548927893635766,69.34958421627893,70.17884764497369,0.06559416246028334,0.997944736909631,0.023022994952327538,64,0.00011217049915872125,8,1.4021312394840156e-05,2,3.505328098710039e-06,0,0.0,0.49632755726183436,0.27276749715207393
AlphaQCL,AlphaQCL,AlphaQCL,Alpha,QCL,,,2,transformer_self_attn,Transformer self-attention,1,18883584,12055.718253195286,3.5225560099125293,329.42211021658665,329.3014317241811,0.01069313777267873,0.9999413153471806,0.004235212976519712,0,0.0,0,0.0,0,0.0,0,0.0,0.05231865120193831,0.1635649810899041
AlphaQCL,AlphaQCL,AlphaQCL,Alpha,QCL,,,2,transformer_ffn,Transformer FFN,2,56623104,37453.59844970703,6.287432417876074,510.4324132881417,509.9351025747204,0.012317854928869445,0.9999215101095952,0.004222039823178892,0,0.0,0,0.0,0,0.0,0,0.0,0.0426132356108378,0.5211001199610205
AlphaQCL,AlphaQCL,AlphaQCL,Alpha,QCL,,,2,transformer_norm_deepnorm,Transformer norm/deepnorm,3,18450,15.778334200382233,0.15993927259008411,41.78867999301332,41.88093767344279,0.0038273348815234328,0.9999952821482126,0.0022222222222222222,0,0.0,0,0.0,0,0.0,0,0.0,0.31443209122216675,0.0003371978106768071
AlphaQCL,AlphaQCL,AlphaQCL,Alpha,QCL,,,2,upsample,Upsample,4,525312,416.23497515916824,0.7238791321589785,46.808640365494604,46.81113597884203,0.015464647691253532,0.9998793572469403,0.005158838937621832,0,0.0,0,0.0,0,0.0,0,0.0,0.0562167454642344,0.006907273097440465
AlphaQCL,AlphaQCL,AlphaQCL,Alpha,QCL,,,2,crf,CRF head,5,2097152,1908.2193603515625,1.6369714655640901,48.61623023021093,48.45574757091516,0.033671295734213784,0.9994332364731342,0.011034488677978516,0,0.0,0,0.0,0,0.0,0,0.0,0.12074479835216517,0.035322930888884246
Gamma,Gamma,Gamma,Gamma,base,,,3,conv,Convolution front-end,0,570560,842.0706701278687,4.0846767905801675,69.34958421627893,69.82554148113385,0.05889980216523466,0.9983007281665066,0.021836441390914188,50,8.763320246775099e-05,7,1.2268648345485138e-05,0,0.0,0,0.0,0.4803326082103337,0.24166492214898316
Gamma,Gamma,Gamma,Gamma,base,,,3,transformer_self_attn,Transformer self-attention,1,18883584,11847.779586136341,3.460464641822217,329.42211021658665,329.32326978731606,0.010504652039133132,0.9999432747348977,0.004173995783851201,0,0.0,0,0.0,0,0.0,0,0.0,0.051932018497867855,0.17344710426751095
Gamma,Gamma,Gamma,Gamma,base,,,3,transformer_ffn,Transformer FFN,2,56623104,36698.36651611328,6.1524966169469675,510.4324132881417,509.9689666281941,0.012053499066239431,0.9999246688976856,0.004140359384042246,0,0.0,0,0.0,0,0.0,0,0.0,0.041872696214409734,0.548278212960496
Gamma,Gamma,Gamma,Gamma,base,,,3,transformer_norm_deepnorm,Transformer norm/deepnorm,3,18450,15.78446251153946,0.15761223197539317,41.78867999301332,41.88358351003662,0.0037716489729213917,0.9999956317805384,0.002168021680216802,0,0.0,0,0.0,0,0.0,0,0.0,0.3109297235010714,0.00035981400210845184
Gamma,Gamma,Gamma,Gamma,base,,,3,upsample,Upsample,4,525312,384.51320827007294,0.6690727584752018,46.808640365494604,46.80607943947567,0.014293787498438007,0.9998967987328591,0.004757172880116959,0,0.0,0,0.0,0,0.0,0,0.0,0.05523846368800353,0.006484028528929241
Gamma,Gamma,Gamma,Gamma,base,,,3,crf,CRF head,5,2097152,1672.9010009765625,1.4335423598056591,48.61623023021093,48.44700763543735,0.029486909063442823,0.9995665803114971,0.009638309478759766,0,0.0,0,0.0,0,0.0,0,0.0,0.09820847975283126,0.029765918091972304
GammaQCH,GammaQCH,GammaQCH,Gamma,QCH,,,4,conv,Convolution front-end,0,570560,878.0177582502365,4.597157363352644,69.34958421627893,70.68084483096737,0.06628961680600032,0.9980250672722694,0.024146452607964105,41,7.18592260235558e-05,7,1.2268648345485138e-05,0,0.0,0,0.0,0.46150980681958714,0.28356666860822943
GammaQCH,GammaQCH,GammaQCH,Gamma,QCH,,,4,transformer_self_attn,Transformer self-attention,1,18883584,11953.324813961983,3.4922769038481114,329.42211021658665,329.316010738122,0.010601221944550163,0.9999422819550106,0.004210641369773873,0,0.0,0,0.0,0,0.0,0,0.0,0.05218077125029001,0.16364162529042287
GammaQCH,GammaQCH,GammaQCH,Gamma,QCH,,,4,transformer_ffn,Transformer FFN,2,56623104,37030.268127441406,6.210371977773166,510.4324132881417,509.95442696198353,0.012166884030280748,0.9999233166307981,0.004175504048665364,0,0.0,0,0.0,0,0.0,0,0.0,0.04199917311181101,0.5175015654157918
GammaQCH,GammaQCH,GammaQCH,Gamma,QCH,,,4,transformer_norm_deepnorm,Transformer norm/deepnorm,3,18450,15.749569237232208,0.15668654451392863,41.78867999301332,41.8826887900602,0.003749497340909582,0.9999956640442483,0.0022222222222222222,0,0.0,0,0.0,0,0.0,0,0.0,0.30970673672305693,0.00032941232676951765
GammaQCH,GammaQCH,GammaQCH,Gamma,QCH,,,4,upsample,Upsample,4,525312,378.9321635365486,0.6609966702341502,46.808640365494604,46.80165957285839,0.01412125336418435,0.9998991388877775,0.004703871223196881,0,0.0,0,0.0,0,0.0,0,0.0,0.05521163737753014,0.005862393744276135
GammaQCH,GammaQCH,GammaQCH,Gamma,QCH,,,4,crf,CRF head,5,2097152,1713.5634765625,1.4726374698321754,48.61623023021093,48.43764364898054,0.030291066642946406,0.9995429280009563,0.009849071502685547,0,0.0,0,0.0,0,0.0,0,0.0,0.09950236051330706,0.029098334614510158
GammaQCL,GammaQCL,GammaQCL,Gamma,QCL,,,5,conv,Convolution front-end,0,570560,886.009024143219,4.4300941435377394,69.34958421627893,70.16032505222172,0.06388061577588763,0.9980507615415071,0.021862731351654514,47,8.237521031968593e-05,7,1.2268648345485138e-05,0,0.0,0,0.0,0.49973576053808916,0.27183149808617296
GammaQCL,GammaQCL,GammaQCL,Gamma,QCL,,,5,transformer_self_attn,Transformer self-attention,1,18883584,11869.135873138905,3.4674213889963936,329.42211021658665,329.3174526079651,0.010525770072678612,0.9999430637589178,0.004180456421831788,0,0.0,0,0.0,0,0.0,0,0.0,0.051941356167370376,0.1665279421248457
GammaQCL,GammaQCL,GammaQCL,Gamma,QCL,,,5,transformer_ffn,Transformer FFN,2,56623104,36789.94073486328,6.169838011468447,510.4324132881417,509.95843121032914,0.012087472995147607,0.999924297543308,0.004148024099844473,0,0.0,0,0.0,0,0.0,0,0.0,0.04192476197772727,0.5272558308694736
GammaQCL,GammaQCL,GammaQCL,Gamma,QCL,,,5,transformer_norm_deepnorm,Transformer norm/deepnorm,3,18450,15.71816486120224,0.15670946393302446,41.78867999301332,41.882860214641696,0.00375004580090161,0.9999956898969957,0.002168021680216802,0,0.0,0,0.0,0,0.0,0,0.0,0.31053226269664763,0.0003401451771773639
GammaQCL,GammaQCL,GammaQCL,Gamma,QCL,,,5,upsample,Upsample,4,525312,382.27213686704636,0.666015271676332,46.808640365494604,46.80380195782181,0.014228468643307929,0.999897629763617,0.004734329312865497,0,0.0,0,0.0,0,0.0,0,0.0,0.05528279154535232,0.006143873184528489
GammaQCL,GammaQCL,GammaQCL,Gamma,QCL,,,5,crf,CRF head,5,2097152,1652.752685546875,1.4192885464837415,48.61623023021093,48.44124733488368,0.0291937186359987,0.99957565781448,0.009532451629638672,0,0.0,0,0.0,0,0.0,0,0.0,0.09824549013276238,0.0279007105578019
Beta,Beta,Beta,Beta,base,,,6,conv,Convolution front-end,0,570560,805.8217193186283,3.81684999707142,69.34958421627893,69.62743082374604,0.055037820921432556,0.9984994550826668,0.02184695737521032,46,8.06225462703309e-05,3,5.257992148065059e-06,0,0.0,0,0.0,0.4620507484417445,0.21875853727202063
Beta,Beta,Beta,Beta,base,,,6,transformer_self_attn,Transformer self-attention,1,18883584,11820.938461780548,3.452963749443366,329.42211021658665,329.3237618119625,0.010481882188093324,0.9999435331025035,0.004161762936527303,0,0.0,0,0.0,0,0.0,0,0.0,0.05186461180567514,0.17903538063034152
Beta,Beta,Beta,Beta,base,,,6,transformer_ffn,Transformer FFN,2,56623104,36600.81036376953,6.136059041442956,510.4324132881417,509.9690240765395,0.01202129583016725,0.9999250449030732,0.004129692360206887,0,0.0,0,0.0,0,0.0,0,0.0,0.041843273391353186,0.5653714651908043
Beta,Beta,Beta,Beta,base,,,6,transformer_norm_deepnorm,Transformer norm/deepnorm,3,18450,15.775153040885925,0.15719575109882034,41.78867999301332,41.883823490019715,0.0037616826165626253,0.9999956772541977,0.0022764227642276423,0,0.0,0,0.0,0,0.0,0,0.0,0.31023051417637265,0.0003710534143838298
Beta,Beta,Beta,Beta,base,,,6,upsample,Upsample,4,525312,378.64800065755844,0.6595131666331556,46.808640365494604,46.804684039965665,0.014089560420543797,0.9998995277452613,0.004721003898635477,0,0.0,0,0.0,0,0.0,0,0.0,0.05501207004389793,0.006531332093354655
Beta,Beta,Beta,Beta,base,,,6,crf,CRF head,5,2097152,1645.651611328125,1.4118616248211144,48.61623023021093,48.44364124374968,0.029040952334961817,0.9995797523033498,0.00948953628540039,0,0.0,0,0.0,0,0.0,0,0.0,0.09784763375469335,0.02993223139909511
BetaQCH,BetaQCH,BetaQCH,Beta,QCH,,,7,conv,Convolution front-end,0,570560,955.538416326046,4.464967216159623,69.34958421627893,70.53391176000399,0.0643834749208412,0.9981056152017206,0.023231561974200784,79,0.00013846045989904655,4,7.010656197420078e-06,0,0.0,0,0.0,0.5517836228205135,0.26248266324944985
BetaQCH,BetaQCH,BetaQCH,Beta,QCH,,,7,transformer_self_attn,Transformer self-attention,1,18883584,12263.709934353828,3.577908418044766,329.42211021658665,329.3217049992483,0.010861166591678899,0.9999394683067352,0.004330427952659834,0,0.0,0,0.0,0,0.0,0,0.0,0.05288128045912464,0.16854757752076202
BetaQCH,BetaQCH,BetaQCH,Beta,QCH,,,7,transformer_ffn,Transformer FFN,2,56623104,37971.25909423828,6.36208249316717,510.4324132881417,509.9638379010779,0.01246410362575413,0.9999196557371778,0.0042875077989366316,0,0.0,0,0.0,0,0.0,0,0.0,0.042354703027528896,0.5329207950004025
BetaQCH,BetaQCH,BetaQCH,Beta,QCH,,,7,transformer_norm_deepnorm,Transformer norm/deepnorm,3,18450,15.848811268806458,0.15596652253246657,41.78867999301332,41.88209132032757,0.0037322672685171916,0.9999956930206041,0.0022764227642276423,0,0.0,0,0.0,0,0.0,0,0.0,0.30657408539565234,0.0003202778122535616
BetaQCH,BetaQCH,BetaQCH,Beta,QCH,,,7,upsample,Upsample,4,525312,388.52345883846283,0.6752928904407839,46.808640365494604,46.79311116451097,0.014426671767603134,0.9998947477751357,0.004859968932748538,0,0.0,0,0.0,0,0.0,0,0.0,0.05515786603478258,0.006004107091945775
BetaQCH,BetaQCH,BetaQCH,Beta,QCH,,,7,crf,CRF head,5,2097152,1759.7799072265625,1.5025392338712855,48.61623023021093,48.418494255165555,0.03090612387583996,0.9995253496938812,0.010089397430419922,0,0.0,0,0.0,0,0.0,0,0.0,0.0990921445317391,0.029724579325186337
BetaQCL,BetaQCL,BetaQCL,Beta,QCL,,,8,conv,Convolution front-end,0,570560,878.2655659914017,4.234337748582733,69.34958421627893,69.91270428577725,0.06105786785075945,0.9981836994433838,0.021883763320246774,64,0.00011217049915872125,6,1.0515984296130118e-05,0,0.0,0,0.0,0.5147001172112834,0.25739367013695513
BetaQCL,BetaQCL,BetaQCL,Beta,QCL,,,8,transformer_self_attn,Transformer self-attention,1,18883584,11814.848784029484,3.451522326580479,329.42211021658665,329.32049197456615,0.010477506577537191,0.9999435429002717,0.004158797397782116,0,0.0,0,0.0,0,0.0,0,0.0,0.05183340332208261,0.1710205284514592
BetaQCL,BetaQCL,BetaQCL,Beta,QCL,,,8,transformer_ffn,Transformer FFN,2,56623104,36573.97772216797,6.131016680937589,510.4324132881417,509.96049795318095,0.012011417224549544,0.9999251710491122,0.004125807020399306,0,0.0,0,0.0,0,0.0,0,0.0,0.041828867010396606,0.5396247562536994
BetaQCL,BetaQCL,BetaQCL,Beta,QCL,,,8,transformer_norm_deepnorm,Transformer norm/deepnorm,3,18450,15.68199759721756,0.1557219366315106,41.78867999301332,41.88315190919705,0.0037264143461229727,0.9999957941906042,0.002113821138211382,0,0.0,0,0.0,0,0.0,0,0.0,0.30938974224349813,0.0003481179860618688
BetaQCL,BetaQCL,BetaQCL,Beta,QCL,,,8,upsample,Upsample,4,525312,367.6130709052086,0.6414655306881997,46.808640365494604,46.801101413475756,0.013703998357556393,0.9999049888651349,0.004610593323586745,0,0.0,0,0.0,0,0.0,0,0.0,0.05468947958258695,0.005907089062433953
BetaQCL,BetaQCL,BetaQCL,Beta,QCL,,,8,crf,CRF head,5,2097152,1555.0997314453125,1.3381427610840886,48.61623023021093,48.433477655568986,0.027524609677624014,0.9996236155340307,0.008899211883544922,0,0.0,0,0.0,0,0.0,0,0.0,0.09633435914611813,0.025705838109390398
