chunks,time,grad_norm,lr,scale,loss
45,16.09280373097863,inf,3.25e-06,65536.0,0.3880796432495117
90,16.30997619999107,nan,3.3084999999999997e-06,32768.0,0.4575757384300232
135,16.55133982998086,5.960850238800049,3.367e-06,16384.0,0.4485189616680145
180,16.770077925000805,4.999807834625244,3.4255e-06,16384.0,0.4481145739555359
225,16.99074257101165,5.093489646911621,3.484e-06,16384.0,0.4610517919063568
270,17.211515376984607,10.620403289794922,3.5425e-06,16384.0,0.35679924488067627
315,17.432147731014993,6.682531356811523,3.601e-06,16384.0,0.4251246154308319
360,17.652761975012254,7.766063213348389,3.6595e-06,16384.0,0.3338373005390167
405,17.873526471026707,5.564805030822754,3.718e-06,16384.0,0.3616536259651184
450,18.094152415986173,5.461972236633301,3.7765e-06,16384.0,0.3438550531864166
495,18.31473849900067,3.634967803955078,3.835e-06,16384.0,0.34460002183914185
540,18.535451893985737,3.6801528930664062,3.8935e-06,16384.0,0.3355492651462555
585,18.756249139027204,7.510298728942871,3.9520000000000004e-06,16384.0,0.2579638957977295
630,18.97671390202595,7.914278984069824,4.0105e-06,16384.0,0.23991112411022186
675,19.197439025971107,3.728243112564087,4.0689999999999995e-06,16384.0,0.2405599057674408
720,19.417952358024195,4.519554615020752,4.1275e-06,16384.0,0.24477705359458923
765,19.638727912970353,3.745173931121826,4.185999999999999e-06,16384.0,0.21588097512722015
810,19.85927414597245,2.279719591140747,4.2445e-06,16384.0,0.2292812168598175
855,20.080035489983857,2.46366810798645,4.303e-06,16384.0,0.22633010149002075
900,20.30057677201694,2.498279571533203,4.3615e-06,16384.0,0.19317308068275452
945,20.521409066976048,3.8857359886169434,4.42e-06,16384.0,0.1920507252216339
990,20.742067919985857,2.9540836811065674,4.4784999999999996e-06,16384.0,0.19781719148159027
1035,20.962739872979,3.1443214416503906,4.537e-06,16384.0,0.1634186953306198
1080,21.183505018008873,3.8680033683776855,4.5955e-06,16384.0,0.15552297234535217
1125,21.404173840011936,3.097036838531494,4.653999999999999e-06,16384.0,0.1652500033378601
1170,21.624827763007488,2.6937108039855957,4.7125e-06,16384.0,0.13155415654182434
1215,21.845472895016428,5.305431842803955,4.771e-06,16384.0,0.14489077031612396
1260,22.066071456996724,2.609468460083008,4.8295e-06,16384.0,0.1401176005601883
1305,22.286935110983904,2.698873519897461,4.888e-06,16384.0,0.11681147664785385
1350,22.50751693197526,3.851426839828491,4.9465e-06,16384.0,0.11880826950073242
1395,22.728150743991137,1.3665426969528198,5.005e-06,16384.0,0.10556978732347488
1440,22.948854027024936,2.291890859603882,5.063499999999999e-06,16384.0,0.1133304089307785
1485,23.16969850996975,1.7256383895874023,5.122e-06,16384.0,0.09505191445350647
1530,23.390399362018798,8.524120330810547,5.1805e-06,16384.0,0.10759604722261429
1575,23.611326486978214,1.7251310348510742,5.239e-06,16384.0,0.10348700731992722
1620,23.832494023023173,1.3471566438674927,5.2975000000000005e-06,16384.0,0.09240114688873291
1665,24.053162264986895,8.895763397216797,5.355999999999999e-06,16384.0,0.10667875409126282
1710,24.27398792799795,1.309548020362854,5.4144999999999996e-06,16384.0,0.07857657968997955
1755,24.494893450988457,2.179868221282959,5.472999999999999e-06,16384.0,0.08154670894145966
1800,24.715815465024207,1.4709445238113403,5.5315e-06,16384.0,0.07933410257101059
1845,24.936632907018065,1.2888907194137573,5.59e-06,16384.0,0.08024685084819794
1890,25.15724529797444,1.1249680519104004,5.6485e-06,16384.0,0.08013781905174255
1935,25.377998389012646,1.0981446504592896,5.707e-06,16384.0,0.07426837831735611
1980,25.59888379200129,1.0453894138336182,5.765499999999999e-06,16384.0,0.06776387244462967
2025,25.819831824977882,0.698063313961029,5.8240000000000005e-06,16384.0,0.08178754895925522
2070,26.040755658003036,1.4767056703567505,5.8825e-06,16384.0,0.0650506317615509
2115,26.261384707991965,3.384730577468872,5.941e-06,16384.0,0.06333900988101959
2160,26.48220697900979,0.9995608329772949,5.9995e-06,16384.0,0.06571448594331741
2205,26.703292744001374,0.7139767408370972,6.0579999999999994e-06,16384.0,0.05756411701440811
2250,26.92429771699244,0.8192873597145081,6.1165e-06,16384.0,0.07457353174686432
2295,27.14511774899438,1.3356750011444092,6.174999999999999e-06,16384.0,0.06284426897764206
2340,27.36590428900672,0.8892313241958618,6.2335000000000005e-06,16384.0,0.06042436137795448
2385,27.586716049991082,0.6734996438026428,6.292e-06,16384.0,0.06277919560670853
2430,27.80746388999978,0.536648690700531,6.3505000000000004e-06,16384.0,0.053441599011421204
2475,28.028271961025894,1.7689650058746338,6.408999999999999e-06,16384.0,0.06251037865877151
2520,28.249392204976175,0.9337877631187439,6.4674999999999995e-06,16384.0,0.06926913559436798
2565,28.470086943998467,0.511593759059906,6.526e-06,16384.0,0.051978208124637604
2610,28.69107487599831,0.8574252724647522,6.584499999999999e-06,16384.0,0.06573756784200668
2655,28.9119864780223,1.2319917678833008,6.643000000000001e-06,16384.0,0.06206847354769707
2700,29.132781867985614,0.49114447832107544,6.701499999999999e-06,16384.0,0.053706176578998566
2745,29.353826469974592,0.4699235260486603,6.76e-06,16384.0,0.059202294796705246
2790,29.574665169988293,0.8778443932533264,6.818499999999999e-06,16384.0,0.05699360370635986
2835,29.7955967609887,0.5468145608901978,6.8769999999999995e-06,16384.0,0.05338045209646225
2880,30.016220278979745,0.5520829558372498,6.9355e-06,16384.0,0.056392863392829895
2925,30.237006067996845,0.3769218921661377,6.9939999999999994e-06,16384.0,0.04893344268202782
2970,30.45790678897174,0.5345051288604736,7.0525e-06,16384.0,0.04363122582435608
3015,30.678679646982346,0.6970515251159668,7.110999999999999e-06,16384.0,0.050540849566459656
3060,30.89964974799659,0.4503156542778015,7.1695e-06,16384.0,0.04873593896627426
3105,31.12066249997588,0.42067238688468933,7.228e-06,16384.0,0.05013995245099068
3150,31.341483469004743,0.6255401372909546,7.2865e-06,16384.0,0.04587716609239578
3195,31.56235783797456,0.6540201902389526,7.345000000000001e-06,16384.0,0.04817718639969826
3240,31.783084455993958,0.7047373652458191,7.4035e-06,16384.0,0.04724693298339844
3285,32.00393022497883,0.576210081577301,7.462e-06,16384.0,0.049860257655382156
3330,32.22494200599613,0.7285879850387573,7.5205e-06,16384.0,0.04193945974111557
3375,32.44593326601898,0.42713528871536255,7.578999999999999e-06,16384.0,0.03665223717689514
3420,32.66685707500437,0.841670572757721,7.6375e-06,16384.0,0.047762054949998856
3465,32.88747470098315,0.5520514845848083,7.695999999999999e-06,16384.0,0.039791855961084366
3510,33.10838688001968,0.5049757361412048,7.7545e-06,16384.0,0.043658290058374405
3555,33.329487440991215,0.6854211091995239,7.813e-06,16384.0,0.043031394481658936
3600,33.550569612008985,0.8167189359664917,7.871499999999999e-06,16384.0,0.03755635395646095
3645,33.77185101399664,0.35552704334259033,7.93e-06,16384.0,0.04071018472313881
3690,33.99267600197345,2.539881467819214,7.9885e-06,16384.0,0.037215545773506165
3735,34.21376990299905,0.3015996813774109,8.047e-06,16384.0,0.04366525635123253
3780,34.434491248975974,0.7384556531906128,8.105499999999999e-06,16384.0,0.03996220603585243
3825,34.65526629600208,0.5010318756103516,8.163999999999998e-06,16384.0,0.043926481157541275
3870,34.876013631990645,0.7353842258453369,8.2225e-06,16384.0,0.039692025631666183
3915,35.097022700996604,0.3174961805343628,8.281e-06,16384.0,0.03451671078801155
3960,35.317963728972245,0.5003189444541931,8.3395e-06,16384.0,0.0417507104575634
4005,35.53917652001837,0.4705716669559479,8.398e-06,16384.0,0.04233325272798538
4050,35.760105438006576,0.2638958692550659,8.4565e-06,16384.0,0.032853540033102036
4095,35.980868884013034,1.1539902687072754,8.514999999999999e-06,16384.0,0.039520006626844406
4140,36.20171257102629,0.4126102328300476,8.5735e-06,16384.0,0.03541849926114082
4185,36.4226860589697,1.0533537864685059,8.632000000000001e-06,16384.0,0.03489920496940613
4230,36.64402889000485,0.33266279101371765,8.690500000000001e-06,16384.0,0.03899762034416199
4275,36.86515792901628,0.4074915051460266,8.748999999999999e-06,16384.0,0.036760296672582626
4320,37.08645656099543,0.268276184797287,8.8075e-06,16384.0,0.04402061551809311
4365,37.3077095010085,0.45137137174606323,8.866000000000001e-06,16384.0,0.0387190580368042
4410,37.52870965900365,0.33419397473335266,8.924499999999999e-06,16384.0,0.04543716832995415
4455,37.749902407987975,0.5894367098808289,8.982999999999999e-06,16384.0,0.04274776577949524
4500,37.97089644498192,0.5733254551887512,9.0415e-06,16384.0,0.03130844235420227
4545,38.192212206020486,0.3257445693016052,9.1e-06,16384.0,0.03199538215994835
4590,38.41334518400254,2.2856173515319824,9.1585e-06,16384.0,0.036840036511421204
4635,38.63454683398595,0.5953303575515747,9.217e-06,16384.0,0.03229803591966629
4680,38.855736112978775,0.7422412633895874,9.2755e-06,16384.0,0.026630857959389687
4725,39.076855431019794,0.7409065961837769,9.333999999999999e-06,16384.0,0.03650210425257683
4770,39.29815736098681,0.36208024621009827,9.3925e-06,16384.0,0.033678341656923294
4815,39.51932815898908,0.3373606503009796,9.451e-06,16384.0,0.030208876356482506
4860,39.740515978017356,0.26085928082466125,9.509499999999998e-06,16384.0,0.034441761672496796
4905,39.961730176000856,0.3369370996952057,9.567999999999999e-06,16384.0,0.03431445360183716
4950,40.18313309701625,0.36422738432884216,9.6265e-06,16384.0,0.034238338470458984
4995,40.404253693996,0.23146852850914001,9.685000000000001e-06,16384.0,0.029294928535819054
5040,40.62535711098462,5.233443260192871,9.743499999999999e-06,16384.0,0.030503423884510994
5085,40.8465407390031,0.3816736936569214,9.801999999999999e-06,16384.0,0.02636776864528656
5130,41.06763838598272,0.4580687880516052,9.8605e-06,16384.0,0.027546163648366928
5175,41.288971924979705,0.4036237597465515,9.919e-06,16384.0,0.029546160250902176
5220,41.510147881985176,0.2744293212890625,9.9775e-06,16384.0,0.03750145807862282
5265,41.73121008800808,0.23606504499912262,1.0036e-05,16384.0,0.030068472027778625
5310,41.952527887013275,0.6438063979148865,1.0094499999999998e-05,16384.0,0.024506643414497375
5355,42.17398270702688,0.2966249883174896,1.0153e-05,16384.0,0.027469217777252197
5400,42.39518486399902,0.3342302143573761,1.02115e-05,16384.0,0.036847103387117386
5445,42.616598593012895,0.42319175601005554,1.0270000000000002e-05,16384.0,0.03243470937013626
5490,42.83802383200964,0.2629314959049225,1.0328499999999998e-05,16384.0,0.024866096675395966
5535,43.05955215299036,0.3276989459991455,1.0386999999999999e-05,16384.0,0.02899741753935814
5580,43.28049877699232,inf,1.04455e-05,16384.0,0.027480751276016235
5625,43.4985390509828,0.4006674289703369,1.0504e-05,8192.0,0.029494453221559525
5670,43.71973632700974,0.9739142656326294,1.05625e-05,8192.0,0.025263987481594086
5715,43.940903152979445,0.2640986144542694,1.0620999999999999e-05,8192.0,0.027959365397691727
5760,44.16233460197691,0.29351648688316345,1.06795e-05,8192.0,0.02450275793671608
5805,44.38396397198085,0.2798127830028534,1.0738e-05,8192.0,0.03765059635043144
5850,44.60525264899479,0.44823840260505676,1.07965e-05,8192.0,0.03207630664110184
5895,44.82644529500976,0.579174280166626,1.0855e-05,8192.0,0.03508639335632324
5940,45.04787898302311,0.28478118777275085,1.0913499999999998e-05,8192.0,0.028600672259926796
5985,45.2690700290259,0.2938857972621918,1.0972e-05,8192.0,0.023927312344312668
6030,45.49022202397464,1.0499391555786133,1.10305e-05,8192.0,0.030750619247555733
6075,45.711178676981945,1.1824252605438232,1.1089000000000002e-05,8192.0,0.022885354235768318
6120,45.932322291017044,0.2794492840766907,1.11475e-05,8192.0,0.029535431414842606
6165,46.15352754702326,0.7694271206855774,1.1205999999999999e-05,8192.0,0.02517157793045044
6210,46.37479874200653,0.2274615317583084,1.12645e-05,8192.0,0.020725134760141373
6255,46.59602050797548,0.37980255484580994,1.1323e-05,8192.0,0.03463025018572807
6300,46.81723502301611,0.5770262479782104,1.1381500000000001e-05,8192.0,0.024040386080741882
6345,47.03839230700396,0.3237228989601135,1.1440000000000002e-05,8192.0,0.02192855253815651
6390,47.25959737197263,0.499446839094162,1.1498499999999998e-05,8192.0,0.02606171742081642
6435,47.48095304798335,0.2958322763442993,1.1557e-05,8192.0,0.022121410816907883
6480,47.70222480298253,0.22697466611862183,1.1615500000000001e-05,8192.0,0.02164648473262787
6525,47.923559579008725,0.4496729075908661,1.1674000000000002e-05,8192.0,0.02183777280151844
6570,48.144710862019565,0.2608968913555145,1.1732500000000002e-05,8192.0,0.03260582312941551
6615,48.365974896994885,0.3513599634170532,1.1791e-05,8192.0,0.026210954412817955
6660,48.587170890998095,0.19270604848861694,1.18495e-05,8192.0,0.016805728897452354
6705,48.808444795024116,0.242746502161026,1.1907999999999997e-05,8192.0,0.02433340810239315
6750,49.02962683897931,3.684140205383301,1.1966500000000001e-05,8192.0,0.023158136755228043
6795,49.250799271976575,0.28195691108703613,1.2025e-05,8192.0,0.02467094548046589
6840,49.4720204360201,0.22611349821090698,1.2083499999999999e-05,8192.0,0.019121689721941948
6885,49.69353989302181,0.28032878041267395,1.2142e-05,8192.0,0.021099768579006195
6930,49.914690755016636,1.522985816001892,1.2200500000000001e-05,8192.0,0.024194814264774323
6975,50.1361147610005,0.2424413561820984,1.2258999999999999e-05,8192.0,0.0246588084846735
7020,50.35734192398377,0.2718263566493988,1.2317500000000002e-05,8192.0,0.022813791409134865
7065,50.57871802902082,0.6495363116264343,1.2376e-05,8192.0,0.026097021996974945
7110,50.80036596598802,0.24446573853492737,1.2434500000000001e-05,8192.0,0.021313199773430824
7155,51.02182838198496,0.1694527119398117,1.2492999999999997e-05,8192.0,0.0184484850615263
7200,51.24325109698111,0.3263322710990906,1.2551500000000002e-05,8192.0,0.02103430964052677
7245,51.464648380992,0.37111589312553406,1.261e-05,8192.0,0.02614954672753811
7290,51.686030594981275,0.3834212124347687,1.26685e-05,8192.0,0.021243734285235405
7335,51.90735370898619,0.36568859219551086,1.2727e-05,8192.0,0.02384696528315544
7380,52.128722372988705,0.29130926728248596,1.2785499999999998e-05,8192.0,0.01754431053996086
7425,52.349959624989424,0.22463519871234894,1.2844e-05,8192.0,0.020701995119452477
7470,52.57118996698409,0.2598760724067688,1.2902499999999999e-05,8192.0,0.023923955857753754
7515,52.7926743219723,0.21684540808200836,1.2961e-05,8192.0,0.02081746980547905
7560,53.01426594797522,0.7197523713111877,1.3019499999999998e-05,8192.0,0.022530265152454376
7605,53.2357164620189,0.29686251282691956,1.3077999999999997e-05,8192.0,0.01826564222574234
7650,53.457172256021295,0.21136485040187836,1.3136499999999999e-05,8192.0,0.02553846687078476
7695,53.678601788997184,0.2025030553340912,1.3195e-05,8192.0,0.019363239407539368
7740,53.89995763200568,0.23702819645404816,1.3253499999999998e-05,8192.0,0.020280679687857628
7785,54.12135377601953,0.28528261184692383,1.3312e-05,8192.0,0.021038563922047615
7830,54.34309264202602,0.2174973338842392,1.3370499999999998e-05,8192.0,0.02316635474562645
7875,54.5644621939864,0.2042951136827469,1.3429e-05,8192.0,0.021884456276893616
7920,54.785903408017475,0.4314902424812317,1.34875e-05,8192.0,0.022207163274288177
7965,55.00732853100635,0.29249683022499084,1.3546e-05,8192.0,0.021130867302417755
8010,55.22882505500456,0.21170055866241455,1.3604499999999998e-05,8192.0,0.019205676391720772
8055,55.44992117397487,0.4275527894496918,1.3663e-05,8192.0,0.017748858779668808
8100,55.67120271502063,0.21007922291755676,1.3721499999999999e-05,8192.0,0.020377296954393387
8145,55.892502405971754,0.2625519633293152,1.378e-05,8192.0,0.020560957491397858
8190,56.11376332701184,0.21594423055648804,1.3838499999999998e-05,8192.0,0.02002105489373207
8235,56.335285589972045,0.17460477352142334,1.3897000000000001e-05,8192.0,0.019626427441835403
8280,56.556599500996526,0.1992282271385193,1.3955499999999999e-05,8192.0,0.01684654876589775
8325,56.77784784097457,0.20935307443141937,1.4014e-05,8192.0,0.020731234923005104
8370,56.999537015974056,0.292915940284729,1.4072500000000001e-05,8192.0,0.01922835037112236
8415,57.2209944879869,1.0827990770339966,1.4131e-05,8192.0,0.020268714055418968
8460,57.44242685998324,0.23299640417099,1.4189499999999999e-05,8192.0,0.01631081849336624
8505,57.66372334002517,0.21266482770442963,1.4248e-05,8192.0,0.0172383151948452
8550,57.88524226297159,0.5191386938095093,1.43065e-05,8192.0,0.02062113955616951
8595,58.106465802004095,0.23156368732452393,1.4365e-05,8192.0,0.018488790839910507
8640,58.32773852196988,0.21413223445415497,1.4423499999999998e-05,8192.0,0.022311251610517502
8685,58.5491407730151,0.3045702576637268,1.4481999999999998e-05,8192.0,0.022027336061000824
8730,58.77054913400207,0.271077036857605,1.4540499999999999e-05,8192.0,0.014795474708080292
8775,58.991913563979324,0.2631201148033142,1.4599e-05,8192.0,0.01817379891872406
8820,59.21313715301221,0.22128236293792725,1.4657500000000002e-05,8192.0,0.016160624101758003
8865,59.434625144000165,0.20731601119041443,1.4715999999999998e-05,8192.0,0.0172182135283947
8910,59.65592758299317,0.33704546093940735,1.4774499999999999e-05,8192.0,0.020583216100931168
8955,59.87738708400866,0.3042720556259155,1.4833e-05,8192.0,0.023344019427895546
9000,60.098774794023484,0.16094963252544403,1.48915e-05,8192.0,0.019837405532598495
9045,60.32020228501642,0.2127203643321991,1.4950000000000001e-05,8192.0,0.021200159564614296
9090,60.5416005650186,0.21338187158107758,1.5008499999999999e-05,8192.0,0.014892344363033772
9135,60.76317991601536,0.775272786617279,1.5067e-05,8192.0,0.017107177525758743
9180,60.984497165016364,0.15369533002376556,1.51255e-05,8192.0,0.019719285890460014
9225,61.20592279499397,0.203607439994812,1.5184e-05,8192.0,0.01790526509284973
9270,61.42732081399299,0.14188963174819946,1.5242500000000002e-05,8192.0,0.0153793441131711
9315,61.6487269239733,0.21774157881736755,1.5300999999999998e-05,8192.0,0.016737816855311394
9360,61.869972290995065,0.20009255409240723,1.53595e-05,8192.0,0.015622448176145554
9405,62.09140378097072,0.18118645250797272,1.5418e-05,8192.0,0.022203778848052025
9450,62.31282411998836,0.2450638860464096,1.54765e-05,8192.0,0.019775671884417534
9495,62.534011727024335,0.46046629548072815,1.5535000000000003e-05,8192.0,0.019106807187199593
9540,62.75529627397191,0.30309003591537476,1.55935e-05,8192.0,0.010950393043458462
9585,62.976679802988656,0.22003048658370972,1.5652e-05,8192.0,0.018814491108059883
9630,63.19806846202118,0.2693895697593689,1.57105e-05,8192.0,0.01583431288599968
9675,63.419318018015474,0.21515655517578125,1.5768999999999998e-05,8192.0,0.016988037154078484
9720,63.64075124700321,0.26672184467315674,1.5827499999999997e-05,8192.0,0.017801018431782722
9765,63.8621584349894,0.17165441811084747,1.5886e-05,8192.0,0.015000672079622746
9810,64.0835352630238,0.20093505084514618,1.59445e-05,8192.0,0.016856137663125992
9855,64.30475427897181,0.3366069197654724,1.6003e-05,8192.0,0.016670595854520798
9900,64.52689749497222,5.76439094543457,1.60615e-05,8192.0,0.017799312248826027
9945,64.74848715402186,0.24317355453968048,1.6119999999999998e-05,8192.0,0.014882109127938747
9990,64.97006841399707,0.37437281012535095,1.6178499999999998e-05,8192.0,0.01652345433831215
10035,65.19156125298468,0.2409234642982483,1.6237e-05,8192.0,0.013223428279161453
10080,65.41306121100206,0.6603145599365234,1.62955e-05,8192.0,0.013418416492640972
10125,65.63447861897293,0.2835109531879425,1.6354e-05,8192.0,0.017932996153831482
10170,65.85594082600437,0.1499527394771576,1.64125e-05,8192.0,0.015954745933413506
10215,66.07724983297521,0.19369356334209442,1.6471e-05,8192.0,0.015235237777233124
10260,66.29879205097677,0.16353482007980347,1.65295e-05,8192.0,0.015401485376060009
10305,66.52014924801188,0.32400768995285034,1.6588e-05,8192.0,0.01635555922985077
10350,66.7414738839725,0.20016229152679443,1.6646499999999997e-05,8192.0,0.016865184530615807
10395,66.96276595897507,0.22485105693340302,1.6705e-05,8192.0,0.014192033559083939
10440,67.18436316802399,0.13014823198318481,1.67635e-05,8192.0,0.010521998628973961
10485,67.40577792399563,0.19741864502429962,1.6822e-05,8192.0,0.011266517452895641
10530,67.6270465090056,0.213693767786026,1.6880500000000002e-05,8192.0,0.014662562869489193
10575,67.84850647597341,0.24602091312408447,1.6938999999999998e-05,8192.0,0.0172328632324934
10620,68.06979595200391,0.3123917877674103,1.6997499999999998e-05,8192.0,0.018215321004390717
10665,68.2911296869861,0.5059135556221008,1.7056e-05,8192.0,0.015292028896510601
10710,68.51239153102506,3.396735191345215,1.71145e-05,8192.0,0.013065709732472897
10755,68.73364288499579,0.7469766736030579,1.7173000000000003e-05,8192.0,0.012125460430979729
10800,68.95483443897683,7.790987014770508,1.72315e-05,8192.0,0.01431366242468357
10845,69.17624637502013,0.1500924974679947,1.729e-05,8192.0,0.016518609598279
10890,69.39765435998561,0.1522330790758133,1.7348500000000002e-05,8192.0,0.017070719972252846
10935,69.61905019602273,0.22434398531913757,1.7406999999999998e-05,8192.0,0.013394732028245926
10980,69.84062431298662,0.44392675161361694,1.74655e-05,8192.0,0.01114649511873722
11025,70.06212606898043,0.211012065410614,1.7524e-05,8192.0,0.014620457775890827
11070,70.28333845199086,0.16265995800495148,1.75825e-05,8192.0,0.013336773961782455
11115,70.5049060289748,0.32069432735443115,1.7641e-05,8192.0,0.013416505418717861
11160,70.72612692200346,0.29664847254753113,1.7699500000000002e-05,8192.0,0.016572030261158943
11205,70.94755821698345,0.5313888788223267,1.7758e-05,8192.0,0.011780763976275921
11250,71.16900364198955,0.10730999708175659,1.7816499999999998e-05,8192.0,0.010941389948129654
11295,71.39043993700761,0.09996947646141052,1.7875e-05,8192.0,0.009854854084551334
11340,71.61189790198114,0.2449791580438614,1.79335e-05,8192.0,0.01169366855174303
11385,71.83331573597388,0.19936050474643707,1.7991999999999996e-05,8192.0,0.012337056919932365
11430,72.05476232100045,6.8348283767700195,1.80505e-05,8192.0,0.01577596366405487
11475,72.276055534021,0.1867830604314804,1.8109e-05,8192.0,0.01788986101746559
11520,72.49753526900895,0.38056817650794983,1.81675e-05,8192.0,0.008327536284923553
11565,72.71876272099325,0.1231841966509819,1.8226e-05,8192.0,0.01109982468187809
11610,72.94011538400082,0.14325007796287537,1.8284499999999997e-05,8192.0,0.012962540611624718
11655,73.1615823879838,0.4279678165912628,1.8343e-05,8192.0,0.010977274738252163
11700,73.3830196519848,0.4475288391113281,1.84015e-05,8192.0,0.01147006917744875
11745,73.60456350701861,0.3363741636276245,1.846e-05,8192.0,0.011278720572590828
11790,73.82595268002478,0.17372891306877136,1.8518500000000002e-05,8192.0,0.010315167717635632
11835,74.04747492499882,0.42864111065864563,1.8577e-05,8192.0,0.010652732104063034
11880,74.26876426697709,0.35397064685821533,1.8635499999999998e-05,8192.0,0.009999708272516727
11925,74.4901516190148,0.8324838876724243,1.8694e-05,8192.0,0.010298511013388634
11970,74.71171173400944,0.14848046004772186,1.87525e-05,8192.0,0.015658503398299217
11981,99.03214443702018,0.5006576776504517,1.8811e-05,8192.0,0.013735036365687847
